Empresa;Ticker;Setor;Cotação;Dividend Yield;P/L;Margem Líquida;Divida Líquida/EBIT;ROE;ROIC;Liquidez Média Diária;Posição
VULCABRAS/AZALEIA S.A.;VULC3;Calçados;14,25;32,14;3,98;31,34;0,88;45,47;12,76;15374121,71;1
GRENDENE S.A.;GRND3;Calçados;3,78;34,82;5,38;24,8;-2,04;19,96;8,21;9070225,48;2
LOJAS RIACHUELO S.A.;RIAA3;Tecidos, Vestuário e Calçados;7,8;32,64;2,6;14,2;0,46;28,33;26,65;9323778,38;3
BB SEGURIDADE PARTICIPAÇÕES S.A.;BBSE3;Seguradoras;41,55;10,95;8,78;;;72,72;;220380575,0;4
BCO ABC BRASIL S.A.;ABCB4;Bancos;23,54;11,47;6,09;12,2;;14,08;;14883509,48;5
LAVVI EMPREENDIMENTOS IMOBILIÁRIOS S.A.;LAVV3;Incorporações;10,15;25,35;5,0;22,06;1,06;29,03;13,59;5623029,9;6
CURY CONSTRUTORA E INCORPORADORA S.A.;CURY3;Incorporações;29,95;14,07;8,66;18,37;-0,29;68,95;38,33;129883260,19;7
MOURA DUBEUX ENGENHARIA S/A;MDNE3;Incorporações;24,9;14,37;5,12;19,89;0,16;23,93;15,01;37740071,24;8
MARCOPOLO S.A.;POMO3;Material Rodoviário;4,68;22,01;4,69;13,81;1,12;30,72;13,41;5928578,81;9
BCO PINE S.A.;PINE4;Bancos;11,61;8,44;5,61;10,22;;30,83;;13445525,48;10
JHSF PARTICIPACOES S.A.;JHSF3;Incorporações;11,03;5,78;3,94;53,01;0,49;27,12;17,45;34392517,1;11
BR ADVISORY PARTNERS PARTICIPAÇÕES S.A.;BRBI11;Bancos;14,53;10,74;8,99;52,02;;21,38;;3491855,19;12
DIRECIONAL ENGENHARIA S.A.;DIRR3;Incorporações;11,53;13,44;7,16;18,16;0,68;39,35;17,45;103021336,33;13
MARCOPOLO S.A.;POMO4;Material Rodoviário;5,1;20,2;5,11;13,81;1,12;30,72;13,41;46352476,19;14
ITAUSA INVESTIMENTOS ITAU S.A.;ITSA4;Bancos;13,62;9,71;8,99;203,02;;18,83;;253899181,76;15
ALLIED TECNOLOGIA S.A.;ALLD3;Eletrodomésticos;4,5;25,74;1,26;6,26;0,26;22,27;18,12;1894604,81;16
WIZ CO PARTICIPAÇÕES E CORRETAGEM DE SEGUROS S.A.;WIZC3;Corretoras de Seguros;8,2;7,67;6,75;;;28,26;;2222991,0;17
CSU DIGITAL S.A.;CSUD3;Serviços Diversos;14,21;16,56;5,84;15,9;0,5;21,28;14,8;1425167,52;18
BCO ESTADO DO RIO GRANDE DO SUL S.A;BRSR6;Bancos;14,25;11,14;3,31;7,76;;15,11;;18817158,67;19
ITAUSA INVESTIMENTOS ITAU S.A.;ITSA3;Bancos;13,75;9,62;9,08;203,02;;18,83;;1414656,52;20
CYRELA BRAZIL REALTY S.A.EMPREEND E PART;CYRE3;Incorporações;21,18;12,89;4,86;20,81;2,15;18,6;10,64;137489201,95;21
SCHULZ S.A.;SHUL4;Motores, Compressores e Outros;4,5;10,1;5,89;14,43;-0,65;17,86;8,48;2133307,62;22
PLANO & PLANO DESENVOLVIMENTO IMOBILIÁRIO S.A.;PLPL3;Incorporações;7,26;6,76;4,41;9,84;0,18;31,56;17,29;15536991,86;23
MAHLE-METAL LEVE S.A.;LEVE3;Automóveis e Motocicletas;31,45;9,06;6,42;12,31;1,07;62,01;21,45;5677847,43;24
TEGMA GESTAO LOGISTICA S.A.;TGMA3;Transporte Rodoviário;30,74;12,49;8,52;10,32;0,03;26,13;13,14;5882568,24;25
LOG COMMERCIAL PROPERTIES;LOGG3;Exploração de Imóveis;25,89;26,86;5,65;155,03;3,28;10,75;9,6;10953819,38;26
PETROLEO BRASILEIRO S.A. PETROBRAS;PETR4;Exploração, Refino e Distribuição;41,66;6,34;4,99;21,6;2,25;24,17;8,31;1143435367,62;27
INTELBRAS S.A. IND DE TELEC ELETRONICA BRASILEIRA;INTB3;Computadores e Equipamentos;13,24;8,52;7,55;12,36;-0,68;18,29;11,86;18074279,86;28
MILLS ESTRUTURAS E SERVIÇOS DE ENGENHARIA S.A.;MILS3;Aluguel de carros;15,35;6,93;8,36;22,79;1,72;24,19;16,42;14067923,24;29
CSN MINERAÇÃO S.A.;CMIN3;Minerais Metálicos;5,58;6,91;13,6;12,51;0,06;31,49;21,5;48699927,19;30
ITAU UNIBANCO HOLDING S.A.;ITUB4;Bancos;42,53;7,52;10,2;11,83;;21,93;;873170014,57;31
VALID SOLUÇÕES S.A.;VLID3;Serviços Diversos;17,68;9,54;5,79;12,13;0,26;14,22;9,42;3608172,81;32
BANCO BMG S.A.;BMGB4;Bancos;5,23;10,46;5,72;6,79;;11,89;;6234682,71;33
UNIFIQUE TELECOMUNICAÇÕES S.A.;FIQE3;Telecomunicações;5,6;11,94;10,03;17,91;0,91;19,07;8,22;4769211,71;34
TRANSMISSORA ALIANÇA DE ENERGIA ELÉTRICA S.A.;TAEE3;Energia Elétrica;13,63;8,01;8,98;33,52;3,75;19,7;13,41;1076011,14;35
TRANSMISSORA ALIANÇA DE ENERGIA ELÉTRICA S.A.;TAEE11;Energia Elétrica;41,13;7,96;9,03;33,52;3,75;19,7;13,41;69219124,95;36
KEPLER WEBER S.A.;KEPL3;Máq. e Equip. Industriais;6,36;6,8;7,73;10,19;-0,23;18,67;13,03;4731069,67;37
TRANSMISSORA ALIANÇA DE ENERGIA ELÉTRICA S.A.;TAEE4;Energia Elétrica;13,87;7,88;9,14;33,52;3,75;19,7;13,41;1869235,05;38
ITAU UNIBANCO HOLDING S.A.;ITUB3;Bancos;45,12;7,09;10,82;11,83;;21,93;;85298075,19;39
BCO BRADESCO S.A.;BBDC3;Bancos;16,15;7,13;7,29;8,15;;13,06;;145542139,67;40
BEMOBI MOBILE TECH S.A.;BMOB3;Programas e Serviços;23,3;9,16;12,49;8,91;-1,95;16,39;12,15;6349553,29;41
EUCATEX S.A. INDUSTRIA E COMERCIO;EUCA4;Madeira;21,93;5,13;4,96;13,03;0,86;13,91;12,97;1744346,33;42
CEA MODAS S.A.;CEAB3;Tecidos, Vestuário e Calçados;9,31;5,6;4,91;7,32;0,13;15,79;16,9;64558748,1;43
CPFL ENERGIA S.A.;CPFE3;Energia Elétrica;46,4;8,05;9,28;12,79;2,35;23,72;15,41;54644673,0;44
BCO SANTANDER (BRASIL) S.A.;SANB11;Bancos;27,21;8,48;7,8;7,87;;10,34;;88880620,19;45
BCO SANTANDER (BRASIL) S.A.;SANB4;Bancos;13,91;8,69;7,98;7,87;;10,34;;2585239,86;46
LOJAS RENNER S.A.;LREN3;Tecidos, Vestuário e Calçados;13,27;6,78;8,94;9,37;-0,8;14,41;13,34;203124756,81;47
CAIXA SEGURIDADE PARTICIPAÇÕES S.A.;CXSE3;Seguradoras;22,33;5,87;15,25;;;31,89;;127190659,38;48
BCO SANTANDER (BRASIL) S.A.;SANB3;Bancos;13,35;8,23;7,66;7,87;;10,34;;2166446,0;49
CIA ENERGETICA DE MINAS GERAIS - CEMIG;CMIG4;Energia Elétrica;11,02;7,47;6,52;11,15;2,67;16,75;12,58;140076102,43;50
BCO BRADESCO S.A.;BBDC4;Bancos;18,55;6,78;8,37;8,15;;13,06;;612553405,38;51
ISA ENERGIA BRASIL S.A;ISAE4;Energia Elétrica;28,43;6,51;7,99;24,65;3,66;10,94;9,83;83625355,9;52
PORTO SEGURO S.A.;PSSA3;Seguradoras;53,48;5,63;9,39;;;23,7;;70044598,38;53
Irani Papel e Embalagem S.A.;RANI3;Papel e Celulose;7,89;6,05;8,97;12,12;2,68;13,78;8,97;3914942,81;54
CIA ENERGETICA DE MINAS GERAIS - CEMIG;CMIG3;Energia Elétrica;16,2;5,08;9,58;11,15;2,67;16,75;12,58;1242039,24;55
FLEURY S.A.;FLRY3;Serv.Méd.Hospit. Análises e Diagnósticos;16,55;6,52;14,27;7,47;2,55;12,25;10,28;32929789,38;56
IRB - BRASIL RESSEGUROS S.A.;IRBR3;Seguradoras;55,8;2,79;13,03;;;6,59;;20706507,48;57
